Title,Link
"Physitemp Water Pump and Tank Unit ""Model-PTU-3""",http://www.labwrench.com/?equipment.view/equipmentNo/32380/Physitemp/Water-Pump-and-Tank-Unit--Model-PTU-3-/
Physitemp WF-1 In-Line Sediment Filter,http://www.labwrench.com/?equipment.view/equipmentNo/32379/Physitemp/WF-1-In-Line-Sediment-Filter/
Physitemp Switchbox: SWT-2,http://www.labwrench.com/?equipment.view/equipmentNo/32378/Physitemp/Switchbox--SWT-2/
Physitemp Switchbox: DISCONTINUED SBT-5,http://www.labwrench.com/?equipment.view/equipmentNo/32377/Physitemp/Switchbox--DISCONTINUED-SBT-5/
"Physitemp Heating Plate, HP-1M & HP-4M",http://www.labwrench.com/?equipment.view/equipmentNo/32376/Physitemp/Heating-Plate--HP-1M---HP-4M/
"Physitemp Heat Lamp, HL-1",http://www.labwrench.com/?equipment.view/equipmentNo/32375/Physitemp/Heat-Lamp--HL-1/
"Physitemp Warming Blanket, WB-1, WB-2",http://www.labwrench.com/?equipment.view/equipmentNo/32374/Physitemp/Warming-Blanket--WB-1--WB-2/
Thermal Support Aluminum 6.7mm Sample Pan and Pan Style Lid.,http://www.labwrench.com/?equipment.view/equipmentNo/27751/Thermal-Support/Aluminum-6-7mm-Sample-Pan-and-Pan-Style-Lid-/
"Thermal Support Alumina 6.5mm Covers, Use for TA 960239.901",http://www.labwrench.com/?equipment.view/equipmentNo/27753/Thermal-Support/Alumina-6-5mm-Covers--Use-for-TA-960239-901/
Thermal Support Aluminum 6.7mm x 2.7mm Sample Pan,http://www.labwrench.com/?equipment.view/equipmentNo/27771/Thermal-Support/Aluminum-6-7mm-x-2-7mm-Sample-Pan/
